{"multi":{"config":{"gox":{"name":"Go多线程"},"java":{"name":"Java多线程"}},"mode":"gox","name":"多线程实现方式"},"quark":{"NORMAL":{"threadConfig":"50,60,70,80,90,100","chunksize":200,"thread":50,"name":"非会员"},"Speed":{"threadConfig":"10,12,14,16,18,20","chunksize":500,"thread":10,"name":"极速模式"},"EXP_SVIP":{"threadConfig":"10,20,30,40,50,60","chunksize":500,"thread":10,"name":"88会员"},"Mode":{"config":{"speed":{"name":"极速模式"},"normal":{"name":"普通模式"}},"mode":"speed","name":"夸克播放模式"},"SUPER_VIP":{"threadConfig":"10,20,30,40,50,60","chunksize":500,"thread":10,"name":"SVIP"}},"uc":{"VIP":{"threadConfig":"10,20,30,40,50,60","chunksize":500,"thread":10,"name":"普通会员"},"NORMAL":{"threadConfig":"50,60,70,80,90,100","chunksize":128,"thread":70,"name":"非会员"},"SUPER_VIP":{"threadConfig":"10,20,30,40,50,60","chunksize":500,"thread":10,"name":"SVIP"}}}